failure_mode,n,mean_delta_eq,mean_dd_improve
OK / not a failure,6,0.030949321922081958,0.04009774382018722
"Tradeoff: lower risk, lower return",3,-0.14736311830012697,0.037318268409678765
Missed trend (too conservative),1,-0.07917145596702824,-0.002028389019575097
